level,kind,english,part_of_speech,hebrew_translation,hebrew_definition,english_example
C1,term,"abate","verb","לשכוך/לדעוך","לשכוך, לדעוך בעוצמה","The storm abated."
C1,term,"aberration","noun","חריגה/סטייה","חריגה מהרגיל","A statistical aberration."
C1,term,"abound","verb","לשפוע/להימצא בשפע","להימצא בשפע","Rumours abound."
C1,term,"absence","noun","היעדר","היעדר, חיסרון","A meaningful absence."
C1,term,"abstain","verb","להימנע","להימנע במכוון","He abstained from voting."
C1,term,"absurd","adjective","אבסורדי","אבסורדי, חסר היגיון","It seems absurd."
C1,term,"acquiesce","verb","להסכים בשתיקה","להסכים בשתיקה, להיכנע","She acquiesced to the demand."
C1,term,"adamant","adjective","נחרץ/עיקש","נחרץ ועומד על דעתו","She was adamant about leaving."
C1,term,"adopting","verb","לאמץ","לאמץ","Adopting a habit."
C1,term,"advocate","verb","לתמוך/לדגול","לתמוך ולקדם רעיון בפומבי","She advocates for equal rights."
C1,term,"affable","adjective","נעים הליכות","נעים הליכות וחביב","An affable host."
C1,term,"affinity","noun","זיקה/חיבה","זיקה, חיבה טבעית","An affinity for music."
C1,term,"aid","noun","עזר/סיוע","עזר, סיוע","A memory aid."
C1,term,"akin","adjective","דומה ל-","דומה ל-, קרוב במהותו","It's akin to cheating."
C1,term,"albeit","conjunction","אם כי","אם כי — למרות ש (פורמלי)","It was successful, albeit costly."
C1,term,"alleviate","verb","להקל/לשכך","להקל על כאב, סבל או בעיה","The medicine alleviates the pain."
C1,term,"allude","verb","לרמוז/להזכיר","לרמוז, להזכיר בעקיפין","She alluded to the problem."
C1,term,"aloof","adjective","מסויג/מרוחק","מסויג ומרוחק","He stayed aloof."
C1,term,"ambiguous","adjective","דו-משמעי/עמום","דו-משמעי — ניתן לפרש ביותר מדרך אחת","His answer was ambiguous."
C1,term,"ambivalence","noun","אמביוולנטיות","רגשות מעורבים, דו-ערכיות","Ambivalence about the move."
C1,term,"ambivalent","adjective","דו-ערכי/מסויג","דו-ערכי — בעל רגשות מעורבים","She felt ambivalent about it."
C1,term,"amenable","adjective","נכון/נוח לשכנוע","נוח לשכנוע, נכון לשתף","Amenable to change."
C1,term,"amiable","adjective","נעים/ידידותי","נעים וידידותי","An amiable colleague."
C1,term,"ample","adjective","רב/בשפע","רב ומספיק בשפע","There is ample time."
C1,term,"antecedent","noun","קודם/תקדים","מה שקדם; תקדים","Historical antecedents."
C1,term,"apathy","noun","אדישות","אדישות, חוסר עניין","Voter apathy."
C1,term,"appease","verb","לפייס","לפייס, להרגיע","They tried to appease critics."
C1,term,"apprehensive","adjective","חושש/מודאג","חושש, מודאג מהעתיד","Apprehensive about the test."
C1,term,"arbiter","noun","בורר/פוסק","בורר, פוסק מכריע","An arbiter of taste."
C1,term,"arbitrary","adjective","שרירותי","שרירותי — נקבע ללא היגיון ברור","An arbitrary decision."
C1,term,"articulate","verb","לבטא בבהירות","לבטא בבהירות","Articulate your concerns."
C1,term,"assuage","verb","להפיג/להקל","להפיג, להקל (חשש/כאב)","To assuage their fears."
C1,term,"astute","adjective","חריף/נבון","חריף ונבון בשיפוט","An astute investor."
C1,term,"asymmetry","noun","אי-סימטריה","אי-סימטריה, חוסר איזון","This asymmetry."
C1,term,"attune","verb","לכוונן/להתאים","לכוונן, להתאים לרגישות","Attuned to others' moods."
C1,term,"austere","adjective","צנום/נוקשה","צנוע ונוקשה, ללא קישוט","An austere room."
C1,term,"aversion","noun","סלידה/רתיעה","סלידה, רתיעה","Loss aversion."
C1,term,"belated","adjective","מאוחר/באיחור","מאוחר, באיחור","A belated apology."
C1,term,"benign","adjective","שפיר/תמים","שפיר; תמים ולא מזיק","A benign tumour."
C1,term,"bleak","adjective","קודר","קודר, חסר תקווה","A bleak future."
C1,term,"bound","verb","כבול/מחויב","מחויב, כבול","Bound by rules."
C1,term,"breakthrough","noun","פריצת דרך","פריצת דרך","A medical breakthrough."
C1,term,"brevity","noun","תמציתיות/קיצור","תמציתיות, קיצור","Praised for its brevity."
C1,term,"candid","adjective","כן/גלוי לב","כן וגלוי, ללא הסתרה","A candid conversation."
C1,term,"certainty","noun","ודאות","ודאות","Revise our certainties."
C1,term,"circumvent","verb","לעקוף","לעקוף מכשול או חוק","They circumvented the rules."
C1,term,"cling","verb","להיאחז","להיאחז, להיצמד","Cling to what we have."
C1,term,"coherent","adjective","קוהרנטי/בהיר","קוהרנטי — הגיוני ומאורגן היטב","She gave a coherent explanation."
C1,term,"cohesive","adjective","מלוכד","מלוכד, מחובר היטב","A cohesive team."
C1,term,"commensurate","adjective","תואם/יחסי","תואם, יחסי בהיקפו","Pay commensurate with skill."
C1,term,"compelling","adjective","משכנע","משכנע — חזק ומושך תשומת לב","She made a compelling argument."
C1,term,"compete","verb","להתחרות","להתחרות","Firms compete."
C1,term,"comprehensive","adjective","מקיף","מקיף — כולל את כל ההיבטים","The report is comprehensive."
C1,term,"concede","verb","להודות/לוותר","להודות, או לוותר","He conceded the point."
C1,term,"condescend","verb","להתנשא","להתנשא, לדבר מגבוה","Don't condescend to me."
C1,term,"conducive","adjective","מסייע/תורם","מסייע — תורם לתוצאה רצויה","An environment conducive to study."
C1,term,"confound","verb","לבלבל/לסכל","לבלבל, או לסכל ציפיות","The results confounded experts."
C1,term,"confusing","adjective","מבלבל","מבלבל","A confusing rule."
C1,term,"conjecture","noun","השערה/ניחוש","השערה ללא הוכחה","Pure conjecture."
C1,term,"connote","verb","לרמז על/להשתמע","לרמז על משמעות נוספת","The word connotes wealth."
C1,term,"conscientious","adjective","מצפוני/שקדן","מצפוני, יסודי ואחראי","A conscientious worker."
C1,term,"consensus","noun","הסכמה רחבה/קונצנזוס","הסכמה רחבה","We reached a consensus."
C1,term,"conspicuous","adjective","בולט לעין","בולט לעין, קל לזיהוי","A conspicuous mistake."
C1,term,"constitute","verb","להוות","להוות — להרכיב או להיחשב כ־","These acts constitute a crime."
C1,term,"constraints","noun","אילוצים","אילוצים, מגבלות","Tight constraints."
C1,term,"contemplate","verb","להרהר/לשקול","להרהר, לשקול ברצינות","She contemplated leaving."
C1,term,"contempt","noun","בוז","בוז","He showed contempt for the rules."
C1,term,"contend","verb","לטעון/להתמודד","לטעון, או להתמודד","Critics contend otherwise."
C1,term,"contentious","adjective","שנוי במחלוקת","שנוי במחלוקת ומעורר ויכוח","A contentious issue."
C1,term,"copious","adjective","רב/שופע","רב ושופע","She took copious notes."
C1,term,"cordial","adjective","לבבי","לבבי, ידידותי ומנומס","A cordial welcome."
C1,term,"covert","adjective","נסתר/חשאי","נסתר, חשאי","A covert operation."
C1,term,"credible","adjective","אמין","אמין","A credible witness."
C1,term,"crowd out","phrase","לדחוק החוצה","לדחוק החוצה","Crowd out quality."
C1,term,"culminate","verb","להגיע לשיא","להגיע לשיא או לסיום","It culminated in a festival."
C1,term,"culpable","adjective","אשם/נושא באחריות","אשם, נושא באחריות","Held culpable for the loss."
C1,term,"cumbersome","adjective","מסורבל","מסורבל — קשה לשימוש או לנשיאה","A cumbersome process."
C1,term,"cumulative","adjective","מצטבר","מצטבר","The cumulative effect."
C1,term,"curtail","verb","לקצץ/לצמצם","לקצץ או לצמצם","They curtailed spending."
C1,term,"daunting","adjective","מרתיע/מאיים","מרתיע, מעורר חשש","A daunting task."
C1,term,"debunk","verb","להפריך","להפריך, לנפץ מיתוס","The study debunks the myth."
C1,term,"decay","noun","ריקבון/דעיכה","ריקבון, התפוררות","Slow decay."
C1,term,"decisive","adjective","מכריע/נחוש","מכריע, או נחוש","A decisive victory."
C1,term,"defaults","noun","ברירות מחדל","ברירות מחדל","Cultural defaults."
C1,term,"deliberate","adjective","מכוון","מכוון, נעשה בכוונה","A deliberate choice."
C1,term,"deliberately","adverb","במכוון","במכוון, בכוונה","Deliberately seek."
C1,term,"deplete","verb","לדלדל/לרוקן","לדלדל, לרוקן בהדרגה","Stocks were depleted."
C1,term,"deride","verb","ללעוג","ללעוג, לבוז","Critics derided the idea."
C1,term,"despondent","adjective","מיואש","מיואש, שרוי בדכדוך","He felt despondent."
C1,term,"deteriorate","verb","להתדרדר","להתדרדר — להיהפך לגרוע יותר","Her health deteriorated."
C1,term,"detrimental","adjective","מזיק","מזיק — גורם נזק","Smoking is detrimental to health."
C1,term,"diagnosed","verb","אובחן","אובחן, זוהתה תקלתו","Diagnosed the fault."
C1,term,"diffuse","verb","לפזר/להפיץ","לפזר, להפיץ","Light diffuses through it."
C1,term,"dignity","noun","כבוד/יוקרה","כבוד, ערך","Human dignity."
C1,term,"diligent","adjective","חרוץ/מתמיד","חרוץ ומתמיד","A diligent student."
C1,term,"diminish","verb","להתמעט/לפחות","להתמעט או להפחית בהדרגה","His interest gradually diminished."
C1,term,"disarm","verb","לנטרל","לנטרל, להחליש כוח","Disarm the trick."
C1,term,"discern","verb","להבחין/להבדיל","להבחין — לזהות בקושי או בדיוק","It was hard to discern the truth."
C1,term,"discipline","noun","משמעת","משמעת עצמית","It takes discipline."
C1,term,"discomfort","noun","אי-נוחות","אי-נוחות","A little discomfort."
C1,term,"discord","noun","מחלוקת/חוסר הרמוניה","חוסר הרמוניה, מחלוקת","Discord within the team."
C1,term,"discreet","adjective","דיסקרטי/צנוע","דיסקרטי — זהיר ושומר על סוד","Please be discreet."
C1,term,"discrepancy","noun","אי-התאמה","אי-התאמה — הבדל בין דברים שאמורים להיות זהים","There is a discrepancy in the figures."
C1,term,"dismay","noun","מורת רוח/חרדה","מורת רוח מהולה בחרדה","To my dismay."
C1,term,"disparity","noun","פער/אי-שוויון","פער ואי-שוויון","Income disparity."
C1,term,"disposition","noun","נטייה/מזג","נטייה או מזג","A cheerful disposition."
C1,term,"distorts","verb","מעוות","מעוות, מציג לא נכון","It distorts the truth."
C1,term,"divulge","verb","לחשוף/לגלות","לחשוף מידע סודי","He refused to divulge names."
C1,term,"elicit","verb","לחלץ/לעורר","לחלץ, לעורר תגובה","The question elicited laughter."
C1,term,"eloquent","adjective","רהוט","רהוט — מיטיב לבטא רעיונות","An eloquent speech."
C1,term,"elusive","adjective","חמקמק","חמקמק, קשה לתפוס או להשיג","An elusive goal."
C1,term,"eminent","adjective","נודע/דגול","נודע ודגול בתחומו","An eminent scientist."
C1,term,"empirical","adjective","אמפירי/ניסיוני","אמפירי, מבוסס תצפית","Empirical evidence."
C1,term,"emulate","verb","לחקות/לשאוף לדמות","לחקות מתוך הערכה","Students emulate their mentors."
C1,term,"encompass","verb","להקיף/לכלול","להקיף, לכלול בתוכו","The course encompasses many topics."
C1,term,"encountering","verb","נתקל ב-","נתקל ב-","Encountering a problem."
C1,term,"endeavour","noun","מאמץ/מיזם","מאמץ או מיזם שאפתני","A scientific endeavour."
C1,term,"endorse","verb","לאשר/לתמוך","לתמוך בפומבי, לאשר","The mayor endorsed the plan."
C1,term,"enduring","adjective","מתמשך/בר-קיימא","מתמשך, בר-קיימא","An enduring friendship."
C1,term,"entail","verb","לחייב/לגרור","לחייב, לגרור בעקבותיו","The job entails travel."
C1,term,"equated","verb","הושווה ל־","הושווה, נחשב כזהה","Equated with failure."
C1,term,"equitable","adjective","הוגן/שוויוני","הוגן ושוויוני","An equitable solution."
C1,term,"erode","verb","לשחוק","לשחוק בהדרגה","Trust can erode over time."
C1,term,"erratic","adjective","לא יציב/הפכפך","לא יציב, הפכפך","Erratic behaviour."
C1,term,"exacerbate","verb","להחמיר","להחמיר מצב רע","Stress can exacerbate illness."
C1,term,"exaggerate","verb","להגזים","להגזים, להציג כגדול מהמציאות","Don't exaggerate."
C1,term,"exemplary","adjective","מופתי/למופת","מופתי, ראוי לחיקוי","Exemplary conduct."
C1,term,"exemplify","verb","לשמש דוגמה ל-","לשמש דוגמה טיפוסית למשהו","This case exemplifies the trend."
C1,term,"expertise","noun","מומחיות","מומחיות, ידע מעמיק","Years of expertise."
C1,term,"expiry date","noun","תאריך תפוגה","תאריך תפוגה","It has an expiry date."
C1,term,"explain away","phrase","לתרץ/להסביר ולבטל","לתרץ, להסביר ולבטל","Explain away the rest."
C1,term,"explicit","adjective","מפורש","מפורש — נאמר באופן ברור וישיר","She gave explicit instructions."
C1,term,"exploit","verb","לנצל","לנצל לטובת מטרה","Exploit a weakness."
C1,term,"facilitate","verb","להקל/לאפשר","להקל ולסייע לתהליך להתקדם","The app facilitates communication."
C1,term,"feasible","adjective","בר-ביצוע","בר-ביצוע — אפשרי מעשית","Is the plan feasible?"
C1,term,"flatten","verb","לשטח","להפוך לשטוח","Flatten the map."
C1,term,"flow from","phrase","לנבוע מ-","לנבוע מ-","Results flow from causes."
C1,term,"fluency","noun","שטף","שטף — דיבור בקלות וברציפות","Speaks with fluency."
C1,term,"fluent","adjective","שולט/רהוט","שולט בשטף","Fluent in French."
C1,term,"formidable","adjective","אדיר/מאיים","אדיר ומעורר יראה או חשש","A formidable opponent."
C1,term,"formulate","verb","לנסח","לנסח באופן מסודר","Formulate a strategy."
C1,term,"foster","verb","לטפח","לטפח, לעודד צמיחה","Foster creativity."
C1,term,"framework","noun","מסגרת","מסגרת חשיבה","A mental framework."
C1,term,"futile","adjective","חסר תוחלת/עקר","חסר תוחלת — לא יביא תוצאה","A futile attempt."
C1,term,"gauge","verb","להעריך/למדוד","להעריך או למדוד","Hard to gauge his mood."
C1,term,"habitual","adjective","הרגלי","הרגלי, מתוך הרגל","A habitual gesture."
C1,term,"hamper","verb","לעכב/להכביד","לעכב ולהקשות","Rain hampered the search."
C1,term,"hinder","verb","לעכב/להפריע","לעכב, להפריע להתקדמות","Noise hinders concentration."
C1,term,"imagine","verb","לדמיין","לדמיין","Hard to imagine."
C1,term,"imminent","adjective","קרב ובא","קרב ובא, עומד לקרות","A storm is imminent."
C1,term,"impede","verb","לעכב/להפריע","לעכב — להפריע להתקדמות","Snow impeded traffic."
C1,term,"implication","noun","השלכה/משתמע","השלכה או משמעות נסתרת","Consider the implications of the decision."
C1,term,"implicit","adjective","מרומז","מרומז, לא נאמר במפורש","An implicit agreement."
C1,term,"incentive","noun","תמריץ","תמריץ — דבר שמעודד לפעול","Bonuses are an incentive."
C1,term,"incremental","adjective","הדרגתי","הדרגתי, בצעדים קטנים","Incremental progress."
C1,term,"indispensable","adjective","הכרחי/חיוני","הכרחי — שאי אפשר בלעדיו","She is indispensable to the team."
C1,term,"inevitable","adjective","בלתי-נמנע","בלתי-נמנע — חייב לקרות","Change is inevitable."
C1,term,"inherent","adjective","מובנה/טבוע","מובנה — קיים מטבעו של דבר","There are inherent risks in investing."
C1,term,"intricate","adjective","מורכב/סבוך","מורכב ומסובך, עם פרטים רבים","The watch has an intricate design."
C1,term,"intrinsic","adjective","פנימי/מהותי","פנימי ומהותי לדבר עצמו","Intrinsic value."
C1,term,"irrespective","adjective","ללא קשר ל-","ללא קשר ל-","Open to all, irrespective of age."
C1,term,"juncture","noun","צומת/שלב","צומת, שלב מכריע","At this juncture, we must decide."
C1,term,"latent","adjective","רדום/חבוי","רדום, חבוי וטרם התגלה","Latent talent."
C1,term,"layout","noun","פריסה/מתווה","פריסה, מתווה","The keyboard layout."
C1,term,"lucid","adjective","בהיר/צלול","בהיר וברור להבנה","A lucid explanation."
C1,term,"lucrative","adjective","רווחי","רווחי — מכניס הרבה כסף","A lucrative business."
C1,term,"manifest","verb","להתבטא/לבוא לידי ביטוי","לבטא או להתגלות בבירור","Stress can manifest as pain."
C1,term,"margin","noun","שוליים","שוליים","The page margin."
C1,term,"measure","verb","למדוד","למדוד","Easy to measure."
C1,term,"mechanical","adjective","מכני","מכני","Mechanical typewriters."
C1,term,"metric","noun","מדד","מדד, מדידה","A misleading metric."
C1,term,"mitigate","verb","להקל/למתן","להקל או להפחית חומרה של בעיה","Steps were taken to mitigate the damage."
C1,term,"mourn","verb","להתאבל/לקונן","להתאבל, לקונן על","Mourn a loss."
C1,term,"mundane","adjective","שגרתי/יומיומי","שגרתי ויומיומי, חסר עניין","Mundane tasks."
C1,term,"naive","adjective","תמים/נאיבי","תמים, חסר ניסיון","A naive question."
C1,term,"narrow","adjective","צר/מצומצם","צר, מצומצם","A narrow focus."
C1,term,"negative space","noun","חלל שלילי","חלל שלילי (השטח הריק)","Use the negative space."
C1,term,"neglected","verb","הוזנח","הוזנח, לא קיבל תשומת לב","A neglected garden."
C1,term,"negligible","adjective","זניח","זניח, קטן עד שאפשר להתעלם","A negligible difference."
C1,term,"nevertheless","adverb","אף על פי כן","אף על פי כן — מילת ניגוד פורמלית","The plan was risky; nevertheless, it worked."
C1,term,"nonetheless","adverb","ובכל זאת","ובכל זאת — מילת ניגוד פורמלית","It's risky; nonetheless, we'll try."
C1,term,"notwithstanding","preposition","על אף","על אף — למרות (פורמלי)","Notwithstanding the delays, it succeeded."
C1,term,"nuanced","adjective","מעודן/מדויק בגוונים","מעודן — מבחין בהבדלים דקים","A nuanced argument."
C1,term,"obsolete","adjective","מיושן","מיושן — יצא משימוש","The technology is obsolete."
C1,term,"offset","verb","לקזז/לאזן","לקזז, לאזן השפעה","Gains offset the losses."
C1,term,"onset","noun","התחלה/פרוץ","תחילתו של דבר (לרוב שלילי)","The onset of winter."
C1,term,"optimise","verb","למטב/לייעל","למטב, לייעל","Optimise the score."
C1,term,"ostensibly","adverb","לכאורה","לכאורה, למראית עין","He left, ostensibly to rest."
C1,term,"overt","adjective","גלוי","גלוי, בריש גלי","Overt hostility."
C1,term,"overturned","verb","נהפך/בוטל","נהפך, בוטל","The rule was overturned."
C1,term,"paralyse","verb","לשתק","לשתק","Fear can paralyse."
C1,term,"paramount","adjective","עליון/ראשון במעלה","עליון — בעל החשיבות הגבוהה ביותר","Safety is paramount."
C1,term,"pertinent","adjective","רלוונטי/ענייני","רלוונטי — נוגע ישירות לעניין","A pertinent question."
C1,term,"plausible","adjective","סביר/מתקבל על הדעת","סביר — נשמע אפשרי ומשכנע","That's a plausible explanation."
C1,term,"plot","noun","חלקה","חלקת אדמה","A small plot."
C1,term,"poignant","adjective","נוגע ללב","נוגע ללב, מעורר רגש","A poignant memory."
C1,term,"pragmatic","adjective","פרגמטי/מעשי","מעשי, מכוון תוצאות","A pragmatic approach."
C1,term,"precede","verb","לבוא לפני/לקדום","לבוא לפני","A storm preceded the calm."
C1,term,"preclude","verb","למנוע מראש","למנוע מראש","This doesn't preclude later changes."
C1,term,"predicament","noun","מצוקה/מצב קשה","מצוקה — מצב קשה ומביך","We're in a real predicament."
C1,term,"predominant","adjective","השולט/הבולט","השולט — הבולט או הנפוץ ביותר","Blue was the predominant colour."
C1,term,"prerequisite","noun","תנאי מוקדם","תנאי מוקדם — דרישה הכרחית","Math is a prerequisite for the course."
C1,term,"presence","noun","נוכחות","נוכחות","Full presence."
C1,term,"presume","verb","להניח/לשער","להניח, לשער ללא ודאות מלאה","I presume you agree."
C1,term,"prevalent","adjective","נפוץ/רווח","נפוץ — קיים במידה רבה","This view is prevalent among experts."
C1,term,"profound","adjective","עמוק","עמוק — בעל משמעות או השפעה רבה","The book had a profound effect on me."
C1,term,"prominent","adjective","בולט/נודע","בולט — חשוב ומוכר","A prominent scientist."
C1,term,"proponent","noun","תומך/דוגל","תומך — מי שדוגל ברעיון","A proponent of reform."
C1,term,"prospective","adjective","עתידי/פוטנציאלי","עתידי, פוטנציאלי","A prospective buyer."
C1,term,"radical","adjective","קיצוני/רדיקלי","קיצוני, רדיקלי","It sounds radical."
C1,term,"recalling","verb","להיזכר","להיזכר ב-","Recalling the past."
C1,term,"reciprocal","adjective","הדדי","הדדי, של נתינה וקבלה","A reciprocal arrangement."
C1,term,"reclaim","verb","להשיב","להחזיר לעצמך משהו שאבד","Reclaim your time."
C1,term,"redundant","adjective","מיותר/עודף","מיותר — עודף ולא נחוץ","The phrase is redundant."
C1,term,"reformer","noun","מתקן/רפורמטור","מתקן, רפורמטור","An eager reformer."
C1,term,"relevant","adjective","רלוונטי","רלוונטי, נוגע לעניין","The most relevant."
C1,term,"remarkably","adverb","באופן יוצא דופן","באופן יוצא דופן","Remarkably calm."
C1,term,"render","verb","להפוך/לעשות","להפוך למצב מסוים; לגרום ל־","The injury rendered him helpless."
C1,term,"reputation","noun","מוניטין","מוניטין — איך תופסים מישהו","A good reputation."
C1,term,"resilient","adjective","חסון/עמיד","חסון — מתאושש מקושי","Children are very resilient."
C1,term,"rested","adjective","נח/רענן","נח, רענן","I feel rested."
C1,term,"rewrite","verb","לכתוב מחדש","לכתוב מחדש, לשנות","Rewrite the rules."
C1,term,"robust","adjective","חסון/איתן","חזק ועמיד; איתן","We need a robust system."
C1,term,"scarcity","noun","מחסור/נדירות","מחסור, נדירות","Artificial scarcity."
C1,term,"scrupulous","adjective","קפדן/ישר","קפדן וישר עד הפרט הקטן","Scrupulous attention to detail."
C1,term,"scrutinize","verb","לבחון בקפדנות","לבחון בקפדנות ובדקדוק","Auditors scrutinize the accounts."
C1,term,"scrutiny","noun","בחינה קפדנית","בחינה קפדנית ומדוקדקת","The deal came under close scrutiny."
C1,term,"sealed","verb","אטום","אטום, סגור הרמטית","A sealed box."
C1,term,"solitary","adjective","בודד","בודד, לבדו","A solitary walk."
C1,term,"stark","adjective","חד/בוטה","חד ובולט; בוטה","A stark contrast."
C1,term,"streetlight","noun","פנס רחוב","פנס רחוב","Under the streetlight."
C1,term,"subsequent","adjective","שלאחר מכן","מאוחר יותר — שבא אחרי","In subsequent years, things changed."
C1,term,"substitute","noun","תחליף","תחליף","A poor substitute."
C1,term,"subtle","adjective","עדין/דק","עדין ודק, לא ברור מיד","A subtle difference."
C1,term,"subtly","adverb","בעדינות","בעדינות, באופן בלתי מורגש","Subtly changed."
C1,term,"surface","verb","לעלות/לצוף","לעלות אל פני השטח","Memories surface."
C1,term,"taboo","noun","טאבו","טאבו, אסור לדיון","A social taboo."
C1,term,"tangible","adjective","מוחשי","מוחשי — ניתן למישוש או למדידה","Tangible results."
C1,term,"territory","noun","טריטוריה/שטח","השטח האמיתי עצמו","Unknown territory."
C1,term,"threshold","noun","סף","סף — נקודת מעבר או התחלה","The pain threshold."
C1,term,"trivial","adjective","זניח/של מה בכך","זניח — חסר חשיבות","A trivial matter."
C1,term,"unconsciously","adverb","באופן לא מודע","באופן לא מודע","We unconsciously hunt."
C1,term,"underlying","adjective","בסיסי/שביסוד","בסיסי — שנמצא ביסוד הדברים אך אינו גלוי","We must address the underlying cause."
C1,term,"undermine","verb","לחתור תחת/להחליש","לחתור תחת — להחליש בהדרגה","Criticism can undermine confidence."
C1,term,"unfashionable","adjective","לא אופנתי/לא מקובל","לא אופנתי, לא מקובל","Unfashionable arguments."
C1,term,"unprecedented","adjective","חסר תקדים","חסר תקדים — לא קרה מעולם","An unprecedented crisis."
C1,term,"urgent","adjective","דחוף","דחוף, דורש פעולה מיידית","An urgent message."
C1,term,"vague","adjective","מעורפל","מעורפל — לא ברור או לא מדויק","He gave a vague answer."
C1,term,"valuable","adjective","בעל ערך","בעל ערך רב","Time is valuable."
C1,term,"versatile","adjective","רב-תכליתי","רב-תכליתי — מתאים לשימושים רבים","A versatile tool."
C1,term,"viable","adjective","בר-ביצוע","בר-ביצוע — מעשי ויכול להצליח","It is the only viable option."
C1,term,"vital","adjective","חיוני/מכריע","חיוני, מכריע","The vital few."
C1,term,"willpower","noun","כוח רצון","כוח רצון","Strong willpower."
C1,phrase,"The small, repeated choices are what worry me most.",,"הבחירות הקטנות והחוזרות הן מה שמדאיג אותי יותר מכול.",,
C1,phrase,"Let's not jump to conclusions before we've seen the data.",,"בוא לא נקפוץ למסקנות לפני שראינו את הנתונים.",,
C1,phrase,"That's a valid concern, and worth addressing.",,"זו חשש לגיטימי, וכדאי להתייחס אליו.",,
C1,phrase,"That's a fair point, but I see it slightly differently.",,"זו נקודה הוגנת, אבל אני רואה את זה קצת אחרת.",,
C1,phrase,"Let's keep our options open for now.",,"בוא נשאיר את האפשרויות פתוחות לעת עתה.",,
C1,phrase,"We may be stuck with this simply out of habit.",,"ייתכן שאנחנו תקועים עם זה פשוט מתוך הרגל.",,
C1,phrase,"Let's not optimise for the easily measured.",,"בוא לא נמטב את מה שקל למדוד.",,
C1,phrase,"Let's be careful not to anchor on that first figure.",,"בוא ניזהר לא להיתפס למספר הראשון הזה.",,
C1,phrase,"We should stress-test this before committing.",,"כדאי שנבחן את זה במצבי קיצון לפני שנתחייב.",,
C1,phrase,"I'd frame the trade-off slightly differently.",,"הייתי מנסח את ההתלבטות מעט אחרת.",,
C1,phrase,"I'd be cautious about generalising from one example.",,"הייתי נזהר מהכללה על סמך דוגמה אחת.",,
C1,phrase,"Let's give credit where it's due.",,"בוא ניתן קרדיט למי שמגיע לו.",,
C1,phrase,"That holds in theory, but the practice is messier.",,"זה נכון בתיאוריה, אבל בפועל זה מורכב יותר.",,
C1,phrase,"We need to weigh up the long-term implications.",,"עלינו לשקול את ההשלכות ארוכות הטווח.",,
C1,phrase,"On reflection, I think we moved too quickly.",,"במחשבה שנייה, אני חושב שמיהרנו מדי.",,
C1,phrase,"Before we act, let's ask 'and then what?'",,"לפני שנפעל, בוא נשאל 'ואז מה?'",,
C1,phrase,"I take your point, though I'd add one caveat.",,"אני מקבל את דבריך, אם כי אוסיף הסתייגות אחת.",,
C1,phrase,"I'd hesitate to draw firm conclusions yet.",,"הייתי נמנע מלהסיק מסקנות נחרצות בשלב זה.",,
C1,phrase,"I'd like to play devil's advocate for a moment.",,"אני רוצה לשחק עורך דין של השטן לרגע.",,
C1,phrase,"I'd rather under-promise and over-deliver.",,"אני מעדיף להבטיח פחות ולספק יותר.",,
C1,phrase,"I'd frame it slightly differently, if I may.",,"הייתי מנסח את זה קצת אחרת, אם יורשה לי.",,
C1,phrase,"I'm inclined to think we should wait.",,"אני נוטה לחשוב שכדאי לנו לחכות.",,
C1,phrase,"I'd be hesitant to commit without more information.",,"הייתי מהסס להתחייב ללא מידע נוסף.",,
C1,phrase,"Let's not let the perfect be the enemy of the good.",,"בוא לא ניתן למושלם להיות אויב של הטוב.",,
C1,phrase,"Despite the challenges, I'm confident we can meet the deadline.",,"למרות האתגרים, אני בטוח שנוכל לעמוד בלוח הזמנים.",,
C1,phrase,"On balance, I think the risk is justified.",,"בסך הכול, אני חושב שהסיכון מוצדק.",,
C1,phrase,"I'm wary of measuring what's easy instead of what matters.",,"אני חושש ממדידה של מה שקל במקום של מה שחשוב.",,
C1,phrase,"I'm cautiously optimistic, but I'd hedge my bets.",,"אני אופטימי בזהירות, אבל הייתי מפזר את ההימורים.",,
C1,phrase,"There's a tension here we shouldn't gloss over.",,"יש כאן מתח שאסור לנו לטשטש.",,
C1,phrase,"To put it bluntly, the strategy isn't working.",,"אם לומר זאת בכנות, האסטרטגיה לא עובדת.",,
C1,phrase,"I'd argue that the benefits clearly outweigh the risks.",,"אני טוען שהיתרונות עולים בבירור על הסיכונים.",,
C1,phrase,"I suspect we're seeing confirmation bias in this data.",,"אני חושד שאנחנו רואים כאן הטיית אישור בנתונים.",,
C1,phrase,"With the benefit of hindsight, we'd do it differently.",,"בחוכמה שבדיעבד, היינו עושים זאת אחרת.",,
C1,phrase,"I see the merit in both approaches, honestly.",,"אני רואה את הערך בשתי הגישות, בכנות.",,
C1,phrase,"Let's separate what we know from what we assume.",,"בוא נפריד בין מה שאנחנו יודעים למה שאנחנו מניחים.",,
C1,phrase,"If anything, this only strengthens our case.",,"אם כבר, זה רק מחזק את הטיעון שלנו.",,
C1,phrase,"Let's distinguish the symptom from the cause.",,"בוא נבחין בין הסימפטום לסיבה.",,
C1,phrase,"Bear in mind that circumstances may change.",,"קח בחשבון שהנסיבות עשויות להשתנות.",,
C2,term,"abscond","verb","להימלט/להסתלק","להימלט בחשאי (לרוב עם כסף)","He absconded with the funds."
C2,term,"abstruse","adjective","סתום/עמום","סתום — קשה מאוד להבנה","An abstruse theory."
C2,term,"abundance","noun","שפע","שפע — כמות גדולה מאוד","An abundance of food."
C2,term,"acclaim","noun","תשבחות/הוקרה","תשבחות והוקרה פומבית","Critical acclaim."
C2,term,"acerbic","adjective","חריף/עוקצני","חריף ועוקצני בלשונו","An acerbic critic."
C2,term,"acrimony","noun","מרירות/עוינות","מרירות ועוינות בחילופי דברים","The debate ended in acrimony."
C2,term,"acumen","noun","חדות שכל/חוש","חדות שכל ושיפוט מהיר","Business acumen."
C2,term,"adept","adjective","מיומן","מיומן מאוד","Adept at puzzles."
C2,term,"adroit","adjective","זריז/מיומן","זריז ומיומן","An adroit negotiator."
C2,term,"affluent","adjective","אמיד/עשיר","אמיד, עשיר","An affluent suburb."
C2,term,"aggrieved","adjective","נפגע/מקופח","נפגע, חש מקופח","The aggrieved party."
C2,term,"alacrity","noun","זריזות/נכונות","זריזות ונכונות שמחה","He agreed with alacrity."
C2,term,"alter","verb","לשנות","לשנות","Measuring alters it."
C2,term,"ameliorate","verb","להיטיב/לשפר","לשפר מצב גרוע; להיטיב","Reforms ameliorated conditions."
C2,term,"amorphous","adjective","חסר צורה/אמורפי","חסר צורה ברורה","An amorphous mass."
C2,term,"amputating","verb","קוטע/כורת","קוטע, כורת","Amputating the facts."
C2,term,"anathema","noun","דבר שנוא/חרם","דבר שנוא ומתועב","Censorship is anathema to her."
C2,term,"anomaly","noun","חריגה/אנומליה","חריגה מהנורמה או מהצפוי","The data showed a strange anomaly."
C2,term,"antipathy","noun","סלידה/רתיעה","סלידה — רגש שלילי עמוק","A deep antipathy to change."
C2,term,"antithesis","noun","היפוך גמור","ההיפוך הגמור של דבר","The very antithesis of art."
C2,term,"antithetical","adjective","מנוגד בתכלית","מנוגד לחלוטין במהותו","The idea is antithetical to freedom."
C2,term,"aplomb","noun","קור רוח/ביטחון","קור רוח וביטחון עצמי","She handled it with aplomb."
C2,term,"apocryphal","adjective","בדוי/מפוקפק","בדוי, מסופק מבחינת אמיתותו","An apocryphal story."
C2,term,"arcane","adjective","נסתר/חתום","נסתר ומובן למעטים","Arcane rules."
C2,term,"articulation","noun","ניסוח","ניסוח, הבעה במילים","It resists articulation."
C2,term,"ascetic","adjective","סגפני","סגפני, מסתפק במועט","An ascetic lifestyle."
C2,term,"aspersion","noun","השמצה/הטלת דופי","השמצה, הטלת דופי","To cast aspersions."
C2,term,"assiduous","adjective","חרוץ/שקדן","חרוץ ושקדן","Assiduous research."
C2,term,"auspicious","adjective","מבשר טובות","מבשר טובות, מעורר תקווה","An auspicious start."
C2,term,"avarice","noun","חמדנות/בצע","חמדנות, בצע כסף","Driven by avarice."
C2,term,"banal","adjective","בנאלי/נדוש","בנאלי, נדוש וחסר מקוריות","A banal observation."
C2,term,"bane","noun","מקור צרה/קללה","מקור צרה מתמשך","The bane of my life."
C2,term,"beleaguered","adjective","נצור/מוטרד","נצור, נתון בלחץ מתמשך","A beleaguered minister."
C2,term,"bellicose","adjective","תוקפני/לוחמני","תוקפני ולוחמני","Bellicose rhetoric."
C2,term,"bequeath","verb","להוריש","להוריש בצוואה","She bequeathed her estate."
C2,term,"bias","noun","הטיה","הטיה","A hidden bias."
C2,term,"blithe","adjective","עליז/חסר דאגה","עליז וחסר דאגה (לעיתים שלילי)","Blithe indifference."
C2,term,"bombastic","adjective","מנופח/מליצי","מנופח ומליצי ללא תוכן","A bombastic speech."
C2,term,"bourgeois","adjective","בורגני","בורגני, של מעמד הביניים","Bourgeois values."
C2,term,"bucolic","adjective","כפרי/פסטורלי","כפרי, פסטורלי ושלֵו","A bucolic landscape."
C2,term,"burgeon","verb","לפרוח/לשגשג","לצמוח ולהתפתח במהירות","A burgeoning industry."
C2,term,"cacophony","noun","צרימה/רעש מבולגן","צרימה — תערובת קולות צורמת","A cacophony of horns."
C2,term,"cajole","verb","לשדל/לפתות בדברים","לשדל בדברי חלקות","He cajoled her into agreeing."
C2,term,"callous","adjective","אטום/חסר רגש","אטום רגשית, חסר אכפתיות","A callous remark."
C2,term,"callow","adjective","בוסר/חסר ניסיון","בוסר, צעיר וחסר ניסיון","A callow youth."
C2,term,"camaraderie","noun","רעות/אחוות חברים","רעות — תחושת חברות וקרבה","Team camaraderie."
C2,term,"candour","noun","גילוי לב/כנות","גילוי לב וכנות","I admire her candour."
C2,term,"cantankerous","adjective","רגזן/נרגן","רגזן ונרגן","A cantankerous old man."
C2,term,"capitulate","verb","להיכנע","להיכנע ולהפסיק להתנגד","They finally capitulated."
C2,term,"capricious","adjective","הפכפך/קפריזי","הפכפך — משנה דעתו ללא היגיון","Capricious weather."
C2,term,"careless","adjective","רשלן/חסר זהירות","רשלן, חסר זהירות","Equally careless."
C2,term,"cessation","noun","הפסקה/חדילה","הפסקה, חדילה","A cessation of hostilities."
C2,term,"churlish","adjective","גס רוח","גס רוח וחסר נימוס","It seemed churlish to refuse."
C2,term,"circumspect","adjective","זהיר/מחושב","זהיר ומחושב בפעולותיו","Be circumspect in your dealings."
C2,term,"clandestine","adjective","חשאי","חשאי — נעשה בסתר","A clandestine meeting."
C2,term,"cling","verb","להיאחז","להיאחז בחוזקה","Cling to hope."
C2,term,"cogent","adjective","משכנע/מנומק","משכנע ומבוסס היטב הגיונית","She presented a cogent case."
C2,term,"cognizant","adjective","מודע ל-","מודע ל-, ער ל-","Cognizant of the risks."
C2,term,"condemn","verb","לגנות/להוקיע","לגנות, להוקיע","We condemn the second."
C2,term,"conflagration","noun","תבערה גדולה","תבערה גדולה; שריפה רחבת היקף","A vast conflagration."
C2,term,"connive","verb","לקשור קשר/לעצום עין","לקשור קשר, או לעצום עין מרשע","They connived to deceive him."
C2,term,"connoisseur","noun","מבין/אנין טעם","מבין גדול ואנין טעם בתחום","A wine connoisseur."
C2,term,"connotation","noun","קונוטציה/משמעות לוואי","קונוטציה, משמעות לוואי","A negative connotation."
C2,term,"consternation","noun","תדהמה/חרדה","תדהמה מהולה בחרדה","To my consternation."
C2,term,"contrarian","noun","מתנגד/הולך נגד הזרם","מי שמתנגד לדעת הרוב","A born contrarian."
C2,term,"contrite","adjective","מתחרט","מתחרט ומלא חרטה","A contrite apology."
C2,term,"costume","noun","תחפושת/מסווה","תחפושת, מסווה","A clever costume."
C2,term,"craves","verb","משתוקק/כמה","משתוקק, כמֵה","Craves attention."
C2,term,"critically","adverb","בביקורתיות","בביקורתיות","Read critically."
C2,term,"curdle","verb","להידרדר/להחמיץ","להידרדר/להתקלקל (כאן: מטאפורי)","Joy curdled into fear."
C2,term,"cursory","adjective","שטחי/חפוז","שטחי וחפוז","A cursory glance."
C2,term,"cynicism","noun","ציניות","ציניות, חוסר אמון בכוונות אחרים","A note of cynicism."
C2,term,"dazzling","adjective","מסנוור/מרהיב","מסנוור, מרהיב","A dazzling display."
C2,term,"dearth","noun","מחסור/מיעוט","מחסור, מיעוט","A dearth of evidence."
C2,term,"debacle","noun","מפלה/כישלון חרוץ","מפלה, כישלון חרוץ ומביך","The launch was a debacle."
C2,term,"decorous","adjective","הולם/מנומס","הולם, מנומס ומכובד","Decorous behaviour."
C2,term,"decorum","noun","נימוס/הליכות","נימוס והתנהגות הולמת","Maintain decorum in court."
C2,term,"deference","noun","התחשבות/כבוד","התחשבות וכבוד לסמכות","Out of deference to elders."
C2,term,"demise","noun","קץ/חדלון","קץ, מות או חדלון","The demise of the empire."
C2,term,"denigrate","verb","להשמיץ/לבזות","להשמיץ — להמעיט בערך","He denigrated their work."
C2,term,"denouement","noun","סיומת/התרה","סיומת — התרת העלילה","A surprising denouement."
C2,term,"desert","noun","גמול ראוי","מה שמגיע לאדם, גמול ראוי","What we call desert."
C2,term,"detached","adjective","מנותק","מנותק, אובייקטיבי","Detached observation."
C2,term,"devours","verb","בולע/מכלה","בולע, מכלה","It devours time."
C2,term,"diatribe","noun","נאום נזעם","נאום נזעם ותקיף","A diatribe against the press."
C2,term,"dichotomy","noun","ניגוד/דיכוטומיה","ניגוד חד בין שני דברים נפרדים","The dichotomy between theory and practice."
C2,term,"digestion","noun","עיכול/הטמעה","עיכול, הטמעה","The digestion of influence."
C2,term,"dilettante","noun","חובבן","חובבן שעוסק בשטחיות","A mere dilettante."
C2,term,"disabuse","verb","להוציא מטעות","להוציא מטעות או מאשליה","Let me disabuse you of that."
C2,term,"discards","verb","משליך","זורק, משליך","Discards the rest."
C2,term,"disdain","noun","בוז/זלזול","בוז, יחס מזלזל","She looked at him with disdain."
C2,term,"disparage","verb","לזלזל/להמעיט","לזלזל, להמעיט בערך","He disparaged their efforts."
C2,term,"disparate","adjective","שונים בתכלית","שונים מאוד זה מזה","Disparate ideas."
C2,term,"dogma","noun","דוגמה/עיקר אמונה","דוגמה, עיקר אמונה נוקשה","Political dogma."
C2,term,"dogmatic","adjective","דוגמטי/נוקשה","דוגמטי, נוקשה בדעותיו","A dogmatic attitude."
C2,term,"duplicity","noun","דו-פרצופיות/מרמה","דו-פרצופיות, מרמה","Accused of duplicity."
C2,term,"durable","adjective","בר-קיימא","בר-קיימא, עמיד","Durable authority."
C2,term,"ebullient","adjective","תוסס/נלהב","תוסס ומלא התלהבות","An ebullient host."
C2,term,"eclectic","adjective","אקלקטי/מגוון","אקלקטי, מורכב ממקורות מגוונים","An eclectic taste in music."
C2,term,"effrontery","noun","חוצפה/עזות מצח","חוצפה ועזות מצח","He had the effrontery to lie."
C2,term,"effusive","adjective","נלהב/גודש רגשות","נלהב וגודש רגשות","Effusive praise."
C2,term,"egalitarian","adjective","שוויוני","שוויוני, דוגל בשוויון","An egalitarian society."
C2,term,"egregious","adjective","נורא/בוטה","בוטה ונורא במיוחד (שלילי)","An egregious error."
C2,term,"eloquence","noun","רהיטות","רהיטות, יכולת ביטוי משכנעת","She spoke with eloquence."
C2,term,"elucidate","verb","להבהיר","להבהיר, להסביר בבירור","Let me elucidate the point."
C2,term,"endures","verb","שורד/מתקיים","ממשיך להתקיים לאורך זמן","The myth endures."
C2,term,"enervate","verb","להתיש","להתיש, לרוקן מכוח","The heat enervated us."
C2,term,"enigma","noun","חידה/תעלומה","חידה — דבר מסתורי וקשה להבנה","He remained an enigma."
C2,term,"enmity","noun","איבה/עוינות","איבה, עוינות עמוקה","Old enmity between them."
C2,term,"ennui","noun","שעמום/דכדוך","שעמום ודכדוך מתמשך","A sense of ennui."
C2,term,"ephemeral","adjective","בן-חלוף","בן-חלוף — נמשך זמן קצר בלבד","Fame can be ephemeral."
C2,term,"epiphany","noun","התגלות/הארה","התגלות, רגע של הארה פתאומית","She had an epiphany."
C2,term,"epistemic","adjective","אפיסטמי/הקשור לידע","הקשור לידע ולהכרה","Epistemic humility."
C2,term,"epitome","noun","התגלמות/דוגמה מובהקת","התגלמות, דוגמה מובהקת","The epitome of elegance."
C2,term,"equanimity","noun","שלוות נפש","שלוות נפש בעת קושי","She faced it with equanimity."
C2,term,"equivocal","adjective","דו-משמעי/מתחמק","דו-משמעי ומעורפל בכוונה","An equivocal response."
C2,term,"equivocate","verb","להתחמק/לדבר דו-משמעית","להתחמק בדיבור דו-משמעי","Stop equivocating."
C2,term,"erudite","adjective","מלומד","מלומד — בעל ידע רחב ועמוק","An erudite scholar."
C2,term,"eschew","verb","להימנע מ־/לבחול ב־","להימנע במכוון ממשהו","She eschews social media."
C2,term,"esoteric","adjective","אזוטרי/נסתר","אזוטרי — מובן רק למעטים","The lecture was rather esoteric."
C2,term,"espouse","verb","לאמץ/לדגול","לאמץ ולתמוך ברעיון או באמונה","He espoused liberal values."
C2,term,"euphemism","noun","לשון נקייה/המעטה","לשון נקייה, ביטוי ממתן","A euphemism for death."
C2,term,"evaporates","verb","מתאדה","מתאדה, נעלם","Hope evaporates."
C2,term,"exonerate","verb","לזכות מאשמה","לזכות מאשמה","The evidence exonerated him."
C2,term,"expedient","adjective","מועיל/תכליתי","מועיל ותכליתי (לא בהכרח מוסרי)","A politically expedient move."
C2,term,"explicit","adjective","מפורש/גלוי","מפורש, גלוי","Made explicit."
C2,term,"extol","verb","להלל/לשבח","להלל, לשבח מאוד","They extolled his virtues."
C2,term,"facetious","adjective","התלוצצות/לא רציני","מתלוצץ שלא במקום","A facetious comment."
C2,term,"fastidious","adjective","קפדן/בררן","קפדן ובררן עד הפרט הקטן","Fastidious about cleanliness."
C2,term,"fatuous","adjective","טיפשי/חלול","טיפשי וחסר ערך","A fatuous remark."
C2,term,"fervent","adjective","נלהב/לוהט","נלהב ולוהט ברגשותיו","A fervent supporter."
C2,term,"flatters","verb","מחמיא/מייפה","מציג באור חיובי מדי","It flatters him."
C2,term,"flaw","noun","פגם","פגם, ליקוי","A small flaw."
C2,term,"flawless","adjective","מושלם/ללא פגם","מושלם, ללא פגם","A flawless bowl."
C2,term,"flinching","verb","נרתע/מהסס","נרתע, נמלט","Without flinching."
C2,term,"fortuitous","adjective","מקרי/בר-מזל","מקרי, ולרוב בר-מזל","A fortuitous meeting."
C2,term,"fracture","noun","שבר/סדק","שבר, סדק","Mend the fracture."
C2,term,"frantic","adjective","קדחתני/נואש","קדחתני, נואש","A frantic search."
C2,term,"frontier","noun","גבול/חזית","גבול, חזית","Frontier of ignorance."
C2,term,"furtive","adjective","חשאי/מתגנב","חשאי ומתגנב","A furtive glance."
C2,term,"galvanize","verb","להמריץ/לזרז","להמריץ לפעולה נמרצת","The speech galvanized the crowd."
C2,term,"garrulous","adjective","פטפטן","פטפטן — מדבר יותר מדי","A garrulous neighbour."
C2,term,"genuine","adjective","אמיתי/כן","אמיתי, כן","Genuine concern."
C2,term,"grandiloquent","adjective","מליצי/נמלץ","מליצי ומנופח בלשונו","A grandiloquent speech."
C2,term,"hackneyed","adjective","נדוש/שחוק","נדוש ושחוק מרוב שימוש","A hackneyed phrase."
C2,term,"harden","verb","להתקשות","להתקשות, להפוך לקשיח","Attitudes harden."
C2,term,"hegemony","noun","הגמוניה/שליטה","הגמוניה — שליטה של גורם אחד","Cultural hegemony."
C2,term,"iconoclast","noun","מנפץ מוסכמות","מי שמנפץ מוסכמות ואמונות","He was an iconoclast."
C2,term,"idiosyncrasy","noun","מוזרות/תכונה ייחודית","מוזרות או תכונה ייחודית לאדם","One of his idiosyncrasies."
C2,term,"idiosyncratic","adjective","ייחודי/אופייני־רק־לו","ייחודי ומוזר לאדם מסוים","He has an idiosyncratic style."
C2,term,"idleness","noun","בטלה","בטלה — חוסר מעש","Moments of idleness."
C2,term,"idyllic","adjective","אידילי","אידילי, שלֵו ומושלם","An idyllic village."
C2,term,"impeccable","adjective","ללא רבב/מושלם","ללא רבב, מושלם","Impeccable manners."
C2,term,"impetuous","adjective","נמהר/פזיז","נמהר — פועל בלי לחשוב","An impetuous decision."
C2,term,"inchoate","adjective","ראשוני/לא מגובש","ראשוני ולא מגובש","Inchoate ideas."
C2,term,"indebted","adjective","חב חוב","חב חוב, אסיר תודה","Openly indebted."
C2,term,"ineffable","adjective","בל יתואר","שלא ניתן לבטא במילים","Ineffable beauty."
C2,term,"inevitably","adverb","באופן בלתי-נמנע","באופן בלתי-נמנע","Inevitably brings risk."
C2,term,"inexorable","adjective","בלתי-נמנע","בלתי-נמנע — שאי אפשר לעצור","The inexorable rise of technology."
C2,term,"iniquity","noun","עוול/רשע","עוול ורשע מוסרי","The iniquity of slavery."
C2,term,"insidious","adjective","ערמומי/מתגנב","ערמומי ומזיק בהדרגה ובסתר","An insidious disease."
C2,term,"interest","noun","אינטרס/עניין","אינטרס, עניין","Choices carry interests."
C2,term,"interfere","verb","להתערב/להפריע","להתערב, להפריע","To look is to interfere."
C2,term,"intervention","noun","התערבות","התערבות","Every intervention."
C2,term,"intoxicating","adjective","משכר/מסחרר","משכר, מסחרר","An intoxicating idea."
C2,term,"intractable","adjective","בלתי-פתיר/סרבן","בלתי-פתיר או עיקש מאוד","An intractable problem."
C2,term,"intransigent","adjective","בלתי־מתפשר/עיקש","עקשן ולא מוכן להתפשר","An intransigent negotiator."
C2,term,"juxtapose","verb","להציב זה לצד זה","להציב זה לצד זה לשם השוואה","The film juxtaposes wealth and poverty."
C2,term,"laconic","adjective","לקוני/קצר־אמרים","ממעט במילים; תמציתי","A laconic reply."
C2,term,"lingering","noun","השתהות","השתהות, שהייה ללא חיפזון","Lingering over coffee."
C2,term,"longing","noun","כמיהה","כמיהה, געגוע עז","A longing for home."
C2,term,"lugubrious","adjective","נוגה/קודר","נוגה וקודר עד הגזמה","A lugubrious expression."
C2,term,"magnanimous","adjective","רחב לב/אציל נפש","רחב לב ונדיב, גם כלפי יריב","A magnanimous gesture."
C2,term,"manufacture","verb","לייצר/להמציא","לייצר, להמציא","Manufacture an excuse."
C2,term,"mendacious","adjective","כוזב/שקרן","כוזב, נוטה לשקר","A mendacious witness."
C2,term,"meticulous","adjective","קפדן/דקדקני","קפדן — מדקדק בכל פרט קטן","She kept meticulous records."
C2,term,"nadir","noun","שפל/נקודת השפל","נקודת השפל — המצב הנמוך ביותר","The nadir of his career."
C2,term,"nebulous","adjective","מעורפל","מעורפל וחסר צורה ברורה","A nebulous concept."
C2,term,"novelty","noun","חידוש/חדשנות","חידוש, חדשנות","The cult of novelty."
C2,term,"novice","noun","מתחיל/טירון","מתחיל, חסר ניסיון","A complete novice."
C2,term,"nuance","noun","ניואנס/גוון דק","ניואנס — הבדל דק במשמעות או בגוון","He understood every nuance of the text."
C2,term,"obdurate","adjective","קשה עורף","קשה עורף ובלתי-מתרכך","An obdurate refusal."
C2,term,"obfuscate","verb","לטשטש/לערפל","לטשטש — לעשות משהו לא ברור בכוונה","The report obfuscates the real costs."
C2,term,"objectivity","noun","אובייקטיביות","אובייקטיביות — חוסר משוא פנים","Values objectivity."
C2,term,"obstreperous","adjective","סורר/רעשני","סורר ורעשני, קשה לשליטה","Obstreperous children."
C2,term,"omission","noun","השמטה","השמטה, חיסרון","The omissions matter."
C2,term,"opaque","adjective","אטום/סתום","אטום; לא שקוף או לא ברור","The wording is opaque."
C2,term,"ostensible","adjective","לכאורה/למראית עין","לכאורה — נראה כך אך אולי לא באמת","The ostensible reason was cost."
C2,term,"ostentatious","adjective","ראוותני","ראוותני, נועד להרשים","An ostentatious display of wealth."
C2,term,"overturns","verb","הופך/מבטל","הופך, מבטל","Overturns the rule."
C2,term,"panacea","noun","תרופת פלא","תרופת פלא לכל בעיה","No single policy is a panacea."
C2,term,"paradigm","noun","פרדיגמה/מודל","פרדיגמה — מודל או תפיסה מקובלת","The discovery caused a paradigm shift."
C2,term,"paradoxically","adverb","באופן פרדוקסלי","באופן פרדוקסלי, סותר לכאורה","Paradoxically true."
C2,term,"parsimonious","adjective","קמצן","קמצן וחסכן עד קמצנות","Parsimonious with praise."
C2,term,"pejorative","adjective","של גנאי","של גנאי — בעל קונוטציה שלילית","A pejorative term."
C2,term,"perfunctory","adjective","שטחי/לצאת ידי חובה","שטחי ונעשה ללא עניין אמיתי","A perfunctory nod."
C2,term,"perimeter","noun","היקף/גבול","היקף, גבול חיצוני","The perimeter grows."
C2,term,"pernicious","adjective","מזיק/ממאיר","מזיק מאוד, לעיתים בהדרגה ובסתר","A pernicious influence."
C2,term,"pervasive","adjective","חודר/נפוץ","חודר ונפוץ בכל מקום","A pervasive influence."
C2,term,"pithy","adjective","תמציתי/קולע","תמציתי וקולע","A pithy remark."
C2,term,"placate","verb","לפייס/להרגיע","לפייס ולהרגיע כעס","He tried to placate the crowd."
C2,term,"plank","noun","קרש","קרש עץ","A wooden plank."
C2,term,"postpone","verb","לדחות","לדחות לזמן מאוחר יותר","Postpone the meeting."
C2,term,"pragmatic","adjective","פרגמטי/מעשי","פרגמטי — מעשי ומכוון לתוצאות","We need a pragmatic solution."
C2,term,"precarious","adjective","רעוע/מסוכן","רעוע, לא יציב ומסוכן","A precarious position."
C2,term,"prestige","noun","יוקרה","יוקרה","Academic prestige."
C2,term,"prized","verb","הוקיר/העריך","העריך מאוד, החשיב","Highly prized."
C2,term,"proclivity","noun","נטייה","נטייה טבעית למשהו","A proclivity for risk."
C2,term,"proliferate","verb","להתרבות/לשגשג","להתרבות במהירות ובכמות גדולה","Online courses have proliferated."
C2,term,"provisional","adjective","זמני","זמני, בלתי סופי","A provisional self."
C2,term,"prudent","adjective","זהיר/נבון","זהיר ונבון","A prudent choice."
C2,term,"quagmire","noun","סבך/ביצה","סבך, מצב קשה שקשה לצאת ממנו","A legal quagmire."
C2,term,"quintessential","adjective","מובהק/טיפוסי ביותר","מובהק — הדוגמה המושלמת לסוגו","It is the quintessential British novel."
C2,term,"recalcitrant","adjective","סרבן/עיקש","סרבן ועיקש, מתנגד לסמכות","A recalcitrant student."
C2,term,"recondite","adjective","נסתר/עמום","נסתר ועמום, מובן למעטים","A recondite subject."
C2,term,"reshape","verb","לעצב מחדש","לעצב מחדש","Reshape an industry."
C2,term,"retort","noun","תשובה עוקצנית","תשובה עוקצנית","A sharp retort."
C2,term,"sacrifice","verb","להקריב","להקריב, לוותר על","Sacrifice quality."
C2,term,"salient","adjective","בולט/מרכזי","בולט — החשוב והניכר ביותר","Let me note the salient points."
C2,term,"sanguine","adjective","אופטימי","אופטימי ובטוח גם במצב קשה","He remained sanguine about the future."
C2,term,"seamlessness","noun","חלקות/היעדר תפרים","חלקות, היעדר תפרים","A refusal of seamlessness."
C2,term,"seductive","adjective","מפתה","מפתה — מושך באופן שקשה לעמוד בפניו","A seductive idea."
C2,term,"staged","verb","מבוים","מבוים, מוצג","A staged photo."
C2,term,"straining","verb","מתאמץ","מתאמץ במאמץ רב","Straining to hear."
C2,term,"subsidy","noun","סבסוד","סבסוד, תמיכה כספית","A government subsidy."
C2,term,"sycophant","noun","חנפן","חנפן — מחמיא כדי להתחבב","Surrounded by sycophants."
C2,term,"symmetry","noun","סימטריה","סימטריה, איזון מושלם","Perfect symmetry."
C2,term,"tacit","adjective","סמוי/מובלע","סמוי, מובלע","Tacit knowledge."
C2,term,"taciturn","adjective","שתקן","שתקן — ממעט בדיבור","A taciturn man."
C2,term,"tenuous","adjective","רופף/קלוש","רופף — חלש או לא משכנע","The link is tenuous at best."
C2,term,"ubiquitous","adjective","נמצא בכל מקום","נמצא בכל מקום בו-זמנית","Smartphones are now ubiquitous."
C2,term,"unalloyed","adjective","טהור/ללא סייג","טהור, ללא סייג","Unalloyed joy."
C2,term,"untenable","adjective","בלתי־ניתן־להגנה","עמדה שאי אפשר להגן עליה","An untenable position."
C2,term,"unwittingly","adverb","מבלי משים","מבלי משים, ללא כוונה","Unwittingly caused harm."
C2,term,"urged","verb","נדחקים","נדחקים, מומרצים","Urged to act."
C2,term,"verdict","noun","פסק דין/הכרעה","פסק דין, הכרעה","A sweeping verdict."
C2,term,"vicarious","adjective","בעקיפין/דרך אחרים","חוויה דרך חוויותיו של אחר","Vicarious pleasure."
C2,term,"virtue","noun","מעלה","מעלה, תכונה טובה","A great virtue."
C2,term,"vitriolic","adjective","ארסי/נוטף ארס","ארסי וחריף ביותר (ביקורת)","A vitriolic attack."
C2,term,"vivid","adjective","חי/מוחשי","חי, מוחשי","A vivid image."
C2,term,"vociferous","adjective","קולני/רעשני","קולני — מביע דעה בתקיפות","Vociferous protests."
C2,term,"wager","noun","הימור","הימור","A risky wager."
C2,phrase,"With hindsight it looks inevitable, but it wasn't to them.",,"במבט לאחור זה נראה בלתי נמנע, אבל עבורם זה לא היה כך.",,
C2,phrase,"I'd resist drawing a firm conclusion from such thin evidence.",,"הייתי נמנע ממסקנה נחרצת על סמך ראיות כה דלות.",,
C2,phrase,"Let's not mistake the absence of objections for genuine agreement.",,"בוא לא נטעה בין היעדר התנגדויות להסכמה אמיתית.",,
C2,phrase,"We're conflating two quite separate issues.",,"אנחנו מערבבים שתי סוגיות נפרדות לגמרי.",,
C2,phrase,"What is this account quietly choosing not to mention?",,"מה התיאור הזה בוחר בשקט שלא להזכיר?",,
C2,phrase,"The point is well taken, though I'd qualify it slightly.",,"הנקודה מתקבלת, אם כי הייתי מסייג אותה מעט.",,
C2,phrase,"The elegance of the argument is doing a lot of quiet work here.",,"האלגנטיות של הטיעון עושה כאן לא מעט עבודה שקטה.",,
C2,phrase,"The argument, for all its elegance, rests on a shaky premise.",,"הטיעון, על אף יופיו, נשען על הנחה רעועה.",,
C2,phrase,"I'd want to separate a reason from a rationalisation here.",,"הייתי רוצה להפריד כאן בין סיבה לבין רציונליזציה.",,
C2,phrase,"I'd venture that the consensus is beginning to shift.",,"אני מעז לשער שהקונצנזוס מתחיל להשתנות.",,
C2,phrase,"Let's resist the temptation of a tidy narrative.",,"בוא ננגד את הפיתוי של נרטיב מסודר מדי.",,
C2,phrase,"We should be wary of conflating correlation with causation.",,"כדאי שניזהר מלערבב בין מתאם לסיבתיות.",,
C2,phrase,"It's a compelling case, albeit not a watertight one.",,"זה טיעון משכנע, גם אם לא חסין לחלוטין.",,
C2,phrase,"Splitting the difference here would just buy us a confident error.",,"פשרה כאן רק תקנה לנו טעות בטוחה בעצמה.",,
C2,phrase,"That nuance tends to get lost in the headlines.",,"הניואנס הזה נוטה ללכת לאיבוד בכותרות.",,
C2,phrase,"We risk solving the wrong problem rather elegantly.",,"אנחנו מסתכנים בכך שנפתור את הבעיה הלא נכונה בצורה אלגנטית.",,
C2,phrase,"Let's not mistake confidence for competence.",,"בוא לא נטעה בין ביטחון עצמי ליכולת.",,
C2,phrase,"It strikes me as a somewhat reductive interpretation.",,"זה נראה לי פירוש מצמצם משהו.",,
C2,phrase,"In hindsight, the decision was rather short-sighted.",,"בדיעבד, ההחלטה הייתה קצרת-ראות למדי.",,
C2,phrase,"The exception, far from disproving the rule, refines it.",,"החריג, רחוק מלהפריך את הכלל, מחדד אותו.",,
C2,phrase,"That framing, while neat, rather begs the question.",,"המסגור הזה, אף שהוא מסודר, די מניח את המבוקש.",,
C2,phrase,"We'd do well to distinguish correlation from mere coincidence.",,"מוטב שנבחין בין מתאם לבין צירוף מקרים גרידא.",,
C2,phrase,"I'd caution against reading too much into a single data point.",,"הייתי מזהיר מפני הסקת יתר מנקודת נתונים בודדת.",,
C2,phrase,"I'd be wary of overstating the significance here.",,"הייתי נזהר מלהפריז במשמעות כאן.",,
C2,phrase,"I'm not entirely convinced that the premise holds up.",,"אני לא משוכנע לחלוטין שההנחה מחזיקה מים.",,
C2,phrase,"I'd frame that as a tension to manage, not a problem to solve.",,"הייתי מציג זאת כמתח לניהול, לא כבעיה לפתרון.",,
C2,phrase,"The argument is seductive precisely because it's so simple.",,"הטיעון מפתה דווקא משום שהוא כה פשוט.",,
C2,phrase,"I take the point, but it strikes me as somewhat overstated.",,"אני מקבל את הנקודה, אך היא נראית לי מוגזמת במקצת.",,
C2,phrase,"I'd hesitate to treat correlation as if it settled the matter.",,"הייתי נמנע מלהתייחס למתאם כאילו הוא מכריע את העניין.",,
C2,phrase,"We're treating deep uncertainty as if it were measurable risk.",,"אנחנו מתייחסים לאי-ודאות עמוקה כאילו הייתה סיכון מדיד.",,
C2,phrase,"I'd be loath to draw a sweeping conclusion from one case.",,"הייתי נרתע מלהסיק מסקנה גורפת ממקרה אחד.",,
C2,phrase,"The proposal is compelling, but its assumptions are doing a lot of work.",,"ההצעה משכנעת, אך ההנחות שבבסיסה נושאות בנטל כבד.",,
C2,phrase,"Let's tease apart the various strands of the argument.",,"בוא נפריד בין הקווים השונים של הטיעון.",,
C2,phrase,"We may be answering a sharper version of the wrong question.",,"ייתכן שאנחנו עונים על גרסה חדה יותר של השאלה הלא נכונה.",,
C2,phrase,"I'd be the first to concede the point if proven wrong.",,"אהיה הראשון להודות בכך אם יוכח שטעיתי.",,
C2,phrase,"Let's resist the comfort of a single, tidy cause.",,"בוא לא ניפול לנוחות של סיבה אחת ומסודרת.",,
C2,phrase,"We mustn't lose sight of the broader context.",,"אסור לנו לאבד את ההקשר הרחב יותר.",,
C2,phrase,"I'd sooner reserve judgement than commit prematurely.",,"אעדיף להשהות שיפוט מאשר להתחייב בטרם עת.",,
